Date,Sydney central-east RAQI 24 hour [index],Sydney north-west RAQI 24 hour [index],Sydney south-west RAQI 24 hour [index],Illawarra RAQI 24 hour [index],Lower Hunter RAQI 24 hour [index],Central tablelands RAQI 24 hour [index],South-west slopes RAQI 24 hour [index],North-west slopes RAQI 24 hour [index],Upper Hunter - Muswellbrook RAQI 24 hour [index],Upper Hunter - Singleton RAQI 24 hour [index],Upper Hunter - Maison Dieu RAQI 24 hour [index],Upper Hunter - Singleton NW RAQI 24 hour [index],Upper Hunter - Camberwell RAQI 24 hour [index],Upper Hunter - Bulga RAQI 24 hour [index],Upper Hunter - Mt Thorley RAQI 24 hour [index],Upper Hunter - Muswellbrook NW RAQI 24 hour [index],Upper Hunter - Wybong RAQI 24 hour [index],Upper Hunter - Aberdeen RAQI 24 hour [index],Upper Hunter - Singleton South RAQI 24 hour [index],Upper Hunter - Jerrys Plains RAQI 24 hour [index],Upper Hunter - Warkworth RAQI 24 hour [index],Upper Hunter - Merriwa RAQI 24 hour [index],Central Coast RAQI 24 hour [index],Newcastle local RAQI 24 hour [index],Northern Tablelands RAQI 24 hour [index],Research Monitoring  RAQI 24 hour [index],Roadsite Monitoring RAQI 24 hour [index],Southern Tablelands RAQI 24 hour [index],Emergency Monitoring - Lismore RAQI 24 hour [index],Port Kembla Steelworks RAQI 24 hour [index],Mid-North Coast RAQI 24 hour [index]
01/01/2019,80,83,95,89,91,66,108,71,51,50,55,,57,48,51,51,41,46,49,54,51,42,85,84,24,,49,,,,
02/01/2019,67,97,95,72,260,68,123,73,69,60,59,,56,68,57,68,68,58,51,81,129,65,57,199,19,,45,,,,
03/01/2019,53,74,64,60,71,32,95,69,72,52,67,61,63,66,66,70,92,71,55,95,124,81,44,123,19,,40,,,,
04/01/2019,67,100,120,71,76,48,95,58,72,46,67,59,66,85,62,71,55,61,51,81,77,49,47,182,17,,54,,,,
05/01/2019,85,83,113,148,97,72,164,53,61,60,87,79,96,50,72,57,50,55,68,55,58,47,59,218,10,,60,,,,
06/01/2019,34,45,42,29,34,27,65,61,25,16,23,17,17,9,14,24,36,20,17,15,23,26,32,34,25,,33,,,,
07/01/2019,36,35,36,43,35,17,60,52,25,20,32,24,24,25,27,22,38,25,23,33,34,30,30,40,19,,38,,,,
08/01/2019,60,58,69,49,63,29,53,57,77,46,69,47,70,61,58,51,38,46,42,60,62,34,41,96,12,,43,,,,
09/01/2019,52,71,57,40,74,42,35,56,68,48,72,64,77,46,49,78,56,61,54,61,47,47,53,73,21,,45,,,,
10/01/2019,33,29,35,24,65,35,80,66,59,55,52,56,55,41,46,59,66,61,54,54,54,56,49,74,24,,34,,,,
11/01/2019,41,43,61,47,57,25,45,73,47,36,38,40,41,38,39,45,49,46,38,46,47,41,36,77,17,,47,,,,
12/01/2019,88,92,93,87,79,28,40,75,53,42,47,49,55,50,46,52,46,43,47,48,49,45,63,79,19,,56,,,,
13/01/2019,66,67,65,75,79,39,93,73,66,44,55,55,51,52,60,64,87,63,49,74,64,68,64,88,14,,50,,,,
14/01/2019,47,68,75,52,50,51,135,61,56,33,38,,39,45,35,56,71,56,36,66,51,60,41,75,18,,42,,,,
15/01/2019,82,116,133,74,67,89,196,62,85,49,58,,69,87,58,89,92,82,,76,62,74,52,130,31,,49,,,,
16/01/2019,91,150,139,97,86,131,174,82,121,69,84,84,82,80,90,127,121,122,,110,100,107,71,105,40,,62,,,,
17/01/2019,81,116,117,95,71,104,164,83,100,52,68,64,67,100,69,99,111,93,60,114,78,97,56,100,41,,53,,,,
18/01/2019,85,91,116,99,90,91,231,65,81,70,80,91,114,68,81,83,75,74,73,81,72,71,68,127,42,,63,,,,
19/01/2019,71,73,62,76,80,125,86,215,79,69,115,104,141,67,98,82,74,71,81,82,105,65,64,93,41,,54,,,,
20/01/2019,57,70,59,53,60,27,84,74,40,34,43,39,34,37,43,72,59,34,43,48,48,43,41,68,44,,24,,,,
21/01/2019,36,46,45,43,44,19,85,72,29,25,18,20,20,20,22,27,31,26,25,28,25,22,34,51,31,,33,,,,
22/01/2019,79,87,121,74,60,39,94,62,56,34,48,44,47,49,55,56,49,50,38,53,56,39,49,81,24,,53,,,,
23/01/2019,68,76,86,91,77,33,124,80,67,51,60,72,78,,71,76,42,56,62,44,47,37,60,94,17,,53,,,,
24/01/2019,67,67,58,74,80,46,79,82,71,51,62,62,58,,62,71,78,65,64,64,59,63,55,77,48,,57,,,,
25/01/2019,78,84,102,82,80,48,149,82,72,59,71,67,69,91,69,74,54,60,67,69,71,50,44,89,34,,67,,,,
26/01/2019,105,156,117,99,221,55,180,70,83,51,78,74,76,65,63,83,68,69,65,70,64,55,73,130,34,,100,,,,
27/01/2019,87,84,83,78,84,46,56,53,84,68,90,78,80,69,91,87,79,89,78,85,91,49,83,96,43,,62,,,,
28/01/2019,50,60,50,42,72,30,46,67,73,55,63,62,61,48,52,73,68,75,59,57,53,55,50,104,52,,51,,,,
29/01/2019,62,104,111,72,59,43,46,72,77,53,61,65,67,84,56,73,78,53,61,83,86,69,43,110,29,,46,,,,
30/01/2019,82,95,97,97,82,45,106,65,86,55,64,66,67,72,58,96,63,74,69,69,78,55,71,143,37,,58,,,,
31/01/2019,88,69,71,102,84,57,178,61,77,61,99,97,103,60,80,86,54,76,74,54,62,43,49,132,74,,67,,,,
01/02/2019,41,38,38,39,52,21,79,43,38,25,39,30,30,21,26,37,42,34,30,34,28,33,27,54,40,,32,,,,
02/02/2019,60,36,38,52,48,19,49,46,25,20,25,22,21,20,20,25,29,21,25,29,32,22,38,94,8,,41,,,,
03/02/2019,50,55,90,42,110,23,41,41,41,27,28,29,25,46,28,41,52,44,31,46,49,43,27,131,14,,27,,,,
04/02/2019,83,90,76,87,75,41,59,44,78,48,64,57,60,49,66,82,60,68,55,77,76,55,68,144,11,,48,,,,
05/02/2019,64,55,49,56,60,39,37,44,60,36,46,42,49,54,46,56,74,61,44,62,66,78,44,90,9,,56,,,,
06/02/2019,28,39,46,33,36,19,58,34,34,20,25,23,26,42,22,36,43,35,24,54,44,43,31,73,2,,39,,,,
07/02/2019,35,56,61,35,48,30,63,39,41,23,25,22,28,34,22,43,47,41,26,49,55,49,28,95,5,,37,,,,
08/02/2019,68,63,81,57,62,20,32,42,57,36,60,52,59,46,45,65,38,54,42,56,56,30,57,104,6,,49,,,,
09/02/2019,61,59,62,54,71,58,41,69,36,40,44,42,45,41,51,58,32,31,49,28,31,42,56,41,8,,46,,,,
10/02/2019,43,50,45,34,70,36,39,89,116,87,112,107,113,110,129,118,102,125,107,98,106,100,45,108,10,,32,,,,
11/02/2019,70,76,76,67,80,34,63,53,80,55,75,83,77,44,86,88,50,49,60,52,68,50,52,136,16,,,,,,
12/02/2019,83,88,192,209,91,119,444,87,93,78,150,127,134,53,122,84,49,70,77,54,65,58,48,150,14,,34,,,,
13/02/2019,62,74,62,47,85,91,49,328,186,95,138,146,135,119,151,203,199,188,108,254,118,256,68,97,144,,56,,,,
14/02/2019,56,58,55,54,67,68,89,100,56,44,54,57,56,62,52,54,69,54,53,75,61,72,41,113,15,,51,,,,
15/02/2019,48,49,59,47,47,44,111,60,60,30,36,36,44,43,38,66,69,50,35,60,52,59,31,101,10,,39,,,,24
16/02/2019,40,46,64,44,48,29,58,43,48,26,35,32,28,39,33,57,52,42,31,47,46,44,29,105,2,,33,,,,25
17/02/2019,65,75,72,43,50,49,96,54,52,28,44,36,40,52,48,54,44,48,32,51,61,39,34,134,4,,29,,,,31
18/02/2019,82,91,105,86,64,81,419,67,80,49,66,64,69,61,52,82,63,68,52,83,76,61,50,123,9,,53,,,,55
19/02/2019,70,100,70,78,81,94,84,84,130,85,141,112,125,93,125,141,104,114,93,115,106,88,69,113,90,23,56,,,,140
20/02/2019,36,33,40,35,35,35,90,71,58,26,60,31,34,18,28,58,45,62,29,37,28,40,27,39,20,27,39,,,,30
21/02/2019,41,37,36,35,56,17,100,107,29,24,30,27,33,25,26,30,24,33,25,26,37,23,36,97,11,13,48,,,,20
22/02/2019,41,29,34,33,58,20,61,84,39,24,36,29,32,24,26,37,37,38,29,32,55,30,34,86,5,18,33,,,,41
23/02/2019,37,32,31,37,57,20,119,38,30,19,25,19,19,17,23,28,22,24,21,23,34,18,26,95,13,27,22,,,,23
24/02/2019,63,60,54,59,75,36,72,34,45,34,38,38,38,33,35,48,42,42,38,40,60,38,52,109,6,43,44,,,,35
25/02/2019,48,45,51,45,59,35,90,37,46,32,40,40,49,43,40,45,58,45,37,58,67,53,44,119,9,40,42,,,,40
26/02/2019,45,43,52,55,42,41,111,39,49,24,37,32,46,41,34,55,46,47,28,59,55,36,38,107,4,44,40,,,,90
27/02/2019,70,70,82,71,41,52,124,40,41,24,32,28,35,36,29,41,49,36,25,74,61,45,33,97,7,46,54,,,,40
28/02/2019,41,60,66,55,36,38,112,34,30,21,24,25,25,27,,36,36,32,24,52,38,31,40,72,5,40,44,,,,84
01/03/2019,33,49,47,39,37,31,83,33,41,22,30,25,27,37,,56,51,34,25,52,53,40,27,78,87,33,37,,,,84
02/03/2019,31,39,45,37,39,28,53,36,39,25,30,27,25,37,26,39,48,34,27,44,61,39,28,90,8,34,26,,,,68
03/03/2019,39,53,53,35,40,26,86,33,44,23,28,24,24,33,23,46,44,41,24,46,55,36,26,94,6,45,25,,,,72
04/03/2019,53,77,78,51,59,44,118,40,64,28,43,35,45,67,40,64,62,51,36,85,69,52,36,118,10,55,41,,,,121
05/03/2019,68,71,86,66,68,133,230,57,67,53,74,62,73,74,62,98,50,58,57,99,82,50,42,147,12,59,49,,,,129
06/03/2019,115,120,96,89,124,141,57,76,113,104,195,162,193,123,181,182,176,127,116,199,150,187,93,155,16,81,78,,,,97
07/03/2019,57,63,59,55,88,45,163,51,61,49,64,57,58,61,65,57,60,48,56,61,69,59,59,118,10,48,56,,,,57
08/03/2019,67,58,63,68,64,67,73,44,52,39,58,45,44,81,43,53,50,38,43,73,79,48,50,120,6,54,48,,,,125
09/03/2019,71,78,69,60,58,74,87,52,58,48,85,61,81,60,63,59,43,47,55,59,64,36,47,89,25,124,59,,,,56
10/03/2019,65,60,75,61,57,81,157,62,35,57,53,57,62,51,73,32,40,32,40,39,54,36,54,65,17,65,61,,,,71
11/03/2019,97,98,95,90,82,90,109,70,81,90,104,138,134,107,122,78,94,90,105,94,103,113,73,111,44,79,107,,,,71
12/03/2019,76,70,74,74,78,65,91,90,84,59,71,72,90,64,86,82,61,68,64,70,76,60,64,105,26,58,70,,,,94
13/03/2019,53,54,51,62,68,60,83,56,73,50,59,58,60,59,59,69,85,70,55,74,76,75,57,89,27,39,52,,,,74
14/03/2019,57,53,51,47,77,58,139,58,61,46,61,56,59,69,60,60,39,60,67,68,78,43,55,127,27,42,70,,,,283
15/03/2019,40,50,36,35,44,76,105,64,52,27,34,28,34,24,29,61,58,44,42,38,79,52,35,47,50,29,42,,,,40
16/03/2019,38,28,28,38,36,22,55,45,35,21,34,24,22,22,25,31,32,33,23,32,34,25,29,56,13,26,33,,,,24
17/03/2019,28,21,24,29,25,13,63,45,21,15,17,19,24,12,17,18,12,17,19,11,16,12,24,22,11,14,21,,,,18
18/03/2019,37,30,34,37,29,19,86,47,20,18,18,19,24,14,17,18,19,16,19,11,17,17,24,40,15,26,38,,,,23
19/03/2019,46,43,42,43,53,21,43,56,27,26,29,30,25,20,28,27,23,31,23,23,30,20,47,46,24,40,57,,,,45
20/03/2019,50,42,37,28,40,18,59,54,44,30,29,30,33,23,28,41,35,36,21,29,33,29,29,35,31,26,42,,,,42
21/03/2019,70,32,28,25,27,24,55,49,34,18,22,28,23,16,26,32,30,32,20,24,32,22,24,30,31,23,42,,,,25
22/03/2019,79,34,33,29,29,21,32,62,38,17,22,20,24,23,21,31,29,31,20,31,36,21,23,33,22,24,42,,,,23
23/03/2019,57,59,65,45,63,34,34,62,52,28,33,35,39,33,33,53,31,42,26,30,27,20,61,62,19,59,43,,,,88
24/03/2019,58,67,90,70,70,55,30,57,45,42,46,50,57,50,53,43,37,43,43,46,48,,65,62,13,58,54,,,,85
25/03/2019,44,34,44,42,39,19,105,44,47,34,43,43,51,33,37,42,36,30,39,32,37,21,34,53,14,27,51,,,,40
26/03/2019,96,95,85,76,69,50,45,54,94,63,60,73,86,61,82,88,67,84,73,48,77,71,69,86,10,67,41,,,,57
27/03/2019,52,55,51,43,60,33,38,52,57,39,48,48,50,52,55,56,60,51,41,55,101,55,43,83,27,40,39,,,,59
28/03/2019,47,52,52,43,44,36,49,47,44,27,39,,39,33,44,41,45,39,27,47,63,42,37,88,9,44,46,,,,68
29/03/2019,49,43,50,47,45,31,53,45,61,33,48,55,56,67,47,59,39,58,29,45,55,40,45,69,7,44,48,,,,114
30/03/2019,39,34,36,35,39,57,24,53,57,31,53,35,57,36,60,56,63,56,47,48,44,68,32,44,18,29,29,,,,49
31/03/2019,31,30,29,32,133,32,20,172,127,132,139,143,144,93,151,130,120,129,146,124,123,129,37,117,124,26,23,,,,88
01/04/2019,34,33,36,41,28,16,20,50,30,29,27,41,35,28,31,26,29,27,24,26,29,28,36,42,19,26,30,,,,23
02/04/2019,37,27,32,34,31,15,26,35,19,13,18,17,18,17,18,19,24,20,14,24,32,19,26,41,5,21,36,,,,34
03/04/2019,53,40,42,39,36,19,48,39,35,16,19,19,21,20,24,30,31,28,16,33,29,26,35,91,17,40,44,,,,47
04/04/2019,57,37,42,31,35,26,40,41,40,23,30,27,26,21,35,34,32,35,22,35,39,25,25,54,4,32,52,,,,30
05/04/2019,30,26,37,37,31,19,34,40,35,24,28,26,25,20,28,34,39,35,19,30,42,28,29,38,9,20,43,,,,27
06/04/2019,43,42,54,52,49,26,50,48,35,36,36,35,47,27,47,39,26,25,30,27,33,23,38,67,9,45,50,,,,50
07/04/2019,81,63,64,58,61,45,47,50,55,59,63,75,85,29,77,49,31,35,51,33,36,30,61,81,32,57,79,,,,50
08/04/2019,67,58,56,57,78,53,54,54,86,81,96,100,111,40,128,86,42,45,77,47,50,41,40,111,29,58,61,,,,56
09/04/2019,64,64,66,60,70,64,100,80,94,80,96,113,115,43,139,116,46,66,86,65,65,43,49,107,22,55,62,,,,56
10/04/2019,36,41,81,30,50,72,38,43,53,43,48,39,42,36,42,47,49,49,37,66,49,48,34,47,36,29,38,,,,33
11/04/2019,42,38,36,34,32,33,89,42,41,30,27,31,32,26,33,38,42,39,23,42,46,36,32,38,12,32,42,,,,31
12/04/2019,56,38,49,41,31,51,96,44,36,26,26,25,29,21,26,32,41,33,24,38,38,31,34,27,13,34,53,,,,29
13/04/2019,56,67,275,56,44,55,86,45,52,54,52,54,60,34,47,53,38,40,55,40,47,32,51,69,20,66,65,,,,46
14/04/2019,53,52,63,47,45,53,88,54,59,56,49,48,46,40,49,57,51,57,44,73,57,62,42,49,28,48,56,,,,43
15/04/2019,51,43,57,41,42,35,84,44,49,39,38,38,36,27,36,45,43,46,31,55,38,34,42,41,28,43,57,,,,39
16/04/2019,99,38,39,38,31,30,86,42,45,30,36,33,36,20,27,46,37,42,26,32,30,29,30,30,18,35,46,,,,28
17/04/2019,67,39,400,41,37,37,97,36,32,20,21,29,20,18,22,30,33,27,18,40,35,27,34,58,16,31,46,,,,28
18/04/2019,62,43,79,54,36,40,105,37,37,30,35,34,33,29,33,35,34,30,23,40,38,27,34,71,8,92,49,,,,33
19/04/2019,54,73,50,46,47,51,122,35,39,35,32,34,32,32,35,37,43,31,34,43,57,37,39,60,3,45,53,,,,35
20/04/2019,44,179,39,45,37,28,112,33,33,29,25,26,23,24,27,31,39,29,25,40,36,33,38,75,4,46,42,,,,33
21/04/2019,38,47,46,34,47,36,80,34,54,23,24,24,21,25,27,37,39,35,21,35,34,33,30,110,5,51,24,,,,
22/04/2019,37,44,44,36,36,48,21,35,49,28,31,29,30,28,29,46,44,41,24,44,41,36,30,86,13,38,16,,,,
23/04/2019,35,34,35,34,29,26,32,48,40,21,24,21,19,24,24,35,44,35,19,38,37,29,29,61,10,31,29,,,,
24/04/2019,37,41,40,38,33,32,43,37,53,21,27,20,23,20,17,48,33,48,17,38,32,26,34,68,10,36,34,,,,
25/04/2019,60,55,50,43,81,42,48,46,74,54,82,68,73,50,71,77,40,53,53,68,66,36,52,97,25,48,27,,,,
26/04/2019,48,55,54,48,70,70,73,52,86,71,86,92,158,53,108,90,43,66,72,50,56,45,44,83,49,43,30,,,,
27/04/2019,59,66,608,39,68,71,42,73,87,68,74,75,77,66,84,96,78,78,69,71,67,97,61,90,33,46,47,,,,
28/04/2019,110,91,601,73,59,49,49,70,57,72,78,87,91,50,74,58,39,49,65,47,48,,53,89,39,106,84,,,,
29/04/2019,497,204,896,50,57,120,79,67,66,48,81,60,60,54,83,61,58,56,43,66,77,57,68,121,35,264,276,,,,
30/04/2019,62,153,88,85,43,72,157,50,79,48,62,57,54,59,42,68,38,71,37,53,57,39,31,64,30,70,51,,,,
01/05/2019,43,69,108,56,49,50,60,32,64,55,71,53,63,45,63,62,32,60,43,48,57,35,33,58,12,48,42,,,,
02/05/2019,53,53,215,149,47,26,51,45,103,54,76,64,68,64,63,85,36,73,49,76,59,36,42,54,4,50,48,,,,
03/05/2019,32,29,54,41,43,17,34,45,46,50,68,71,75,32,66,46,27,34,48,27,41,18,26,52,28,31,48,,,,
04/05/2019,41,39,38,40,38,25,32,42,23,20,16,17,16,12,21,18,8,9,15,9,17,9,42,28,40,34,25,,,,
05/05/2019,36,35,34,33,34,22,25,40,27,20,21,23,26,14,23,24,13,22,17,12,19,13,,22,108,35,21,,,,
06/05/2019,36,34,33,33,33,100,44,37,27,36,38,41,49,13,37,22,11,16,30,11,25,10,35,48,63,34,39,,,,
07/05/2019,42,60,46,43,39,90,52,42,27,46,46,56,68,20,52,20,14,21,36,16,23,15,33,82,99,43,51,,,,
08/05/2019,33,34,51,37,52,91,30,44,52,55,52,64,93,39,76,49,33,35,55,35,39,31,34,62,74,40,37,,,,
09/05/2019,36,36,140,39,47,123,38,50,40,62,67,69,63,25,80,34,24,33,58,29,33,26,36,72,144,43,42,,,,
10/05/2019,45,39,163,38,39,40,29,48,42,48,53,79,65,37,89,43,24,44,47,24,38,32,30,56,126,145,45,,,,
11/05/2019,33,32,32,32,32,49,20,32,30,37,29,36,44,22,38,35,19,20,38,17,20,19,33,29,36,29,25,,,,
12/05/2019,41,41,38,34,36,33,30,48,36,54,42,40,31,27,41,27,20,29,35,25,23,21,35,51,145,34,32,,,,
13/05/2019,45,41,47,36,41,104,60,34,65,70,54,74,,48,65,40,25,50,53,27,39,29,27,64,204,35,48,,,,
14/05/2019,42,43,63,62,44,83,68,38,50,46,58,66,,27,55,24,23,36,43,36,35,23,40,53,125,42,51,,,,
15/05/2019,44,52,80,72,42,96,105,46,47,35,50,38,50,33,47,24,39,36,36,42,43,39,38,72,79,70,60,,,,
16/05/2019,51,50,55,49,43,76,123,40,55,39,35,34,35,33,37,26,40,43,25,32,36,30,40,118,23,106,65,,,,
17/05/2019,60,58,88,67,42,76,107,36,67,57,60,47,55,55,58,50,33,72,36,45,61,36,34,79,111,47,69,,,,
18/05/2019,121,69,69,62,58,100,89,38,58,54,44,52,43,34,52,34,38,39,42,38,66,36,47,90,166,97,85,,,,
19/05/2019,62,72,51,51,64,124,90,43,58,46,39,38,37,39,50,36,37,34,31,35,46,35,41,77,114,65,74,,,,
20/05/2019,105,125,257,92,49,83,106,39,25,58,60,56,51,27,63,41,24,,49,26,33,20,35,58,127,125,91,,,,
21/05/2019,304,380,610,65,55,126,64,44,26,68,81,86,89,30,158,35,24,,51,32,41,20,43,95,107,230,98,,,,
22/05/2019,604,687,148,62,101,87,61,45,51,62,86,78,78,28,112,38,24,35,54,38,44,20,50,92,196,600,133,,,,
23/05/2019,45,327,131,68,68,88,78,54,69,63,93,66,72,61,108,65,41,63,57,61,68,44,39,58,166,506,60,,,,
24/05/2019,296,520,346,61,57,110,63,56,77,80,73,95,96,36,85,57,32,44,67,39,43,29,41,73,187,167,142,,,,
25/05/2019,91,82,101,52,100,109,58,67,52,72,62,73,93,31,90,37,25,37,63,25,44,22,37,111,123,93,61,,,,
26/05/2019,37,89,58,37,91,140,20,59,70,60,80,77,98,25,98,63,25,30,65,23,51,26,35,95,96,41,31,,,,
27/05/2019,42,42,50,88,75,90,21,56,75,91,100,,228,34,139,70,24,43,103,41,48,26,34,99,78,45,35,,,,
28/05/2019,37,35,35,39,39,22,20,62,37,54,57,,69,32,46,35,24,27,55,28,29,23,34,60,72,36,39,,,,
29/05/2019,46,36,45,36,43,17,18,55,49,59,77,65,130,29,72,51,25,31,67,37,36,24,32,69,28,36,41,,,,
30/05/2019,33,35,34,36,34,14,24,34,40,37,27,36,50,19,52,31,18,17,37,20,19,15,35,27,36,36,46,,,,
31/05/2019,31,46,33,119,49,22,27,64,61,61,57,49,53,26,63,29,20,26,55,20,28,16,249,49,130,153,56,,,,
01/06/2019,55,522,66,36,63,144,56,37,83,76,62,63,71,57,64,51,44,44,63,58,51,37,41,103,285,48,47,,,,
02/06/2019,66,1746,111,85,93,153,46,34,110,85,54,65,65,43,63,66,45,58,49,38,50,39,51,71,140,50,185,,,,
03/06/2019,65,628,57,1398,61,102,14,36,48,30,31,37,49,18,42,28,10,12,26,10,,9,40,46,63,47,72,,,,
04/06/2019,38,43,39,41,35,14,31,35,26,24,27,25,24,15,26,21,11,20,,11,,9,34,22,23,40,31,,,,
05/06/2019,29,34,37,36,32,76,48,34,61,34,42,32,28,13,32,,15,36,,14,13,11,31,19,211,36,15,,,,
06/06/2019,36,55,58,34,34,143,63,64,48,48,62,57,54,25,58,,19,22,45,14,30,11,30,41,206,55,50,,,,
07/06/2019,51,56,62,37,45,49,77,36,69,75,87,78,88,42,101,58,40,42,78,43,63,31,33,93,257,39,70,,,,
08/06/2019,95,150,130,51,60,115,60,32,109,100,87,79,86,58,99,59,31,57,55,42,59,27,26,80,45,102,95,,,,
09/06/2019,84,153,119,47,65,144,52,42,60,54,42,43,58,27,60,25,10,17,47,14,23,9,32,77,102,90,92,,,,
10/06/2019,96,112,83,37,50,152,29,76,57,52,46,44,62,25,65,24,14,20,39,18,26,12,31,75,142,64,65,,,,
11/06/2019,88,42,60,40,51,154,41,88,56,39,45,47,56,34,39,34,17,28,41,25,34,17,35,71,195,53,59,,,,
12/06/2019,73,61,76,32,45,77,29,53,49,53,66,85,78,24,59,34,19,31,48,27,36,21,27,73,139,64,63,,,,
13/06/2019,38,34,39,35,46,30,24,48,58,57,60,75,120,27,66,58,23,26,70,24,33,22,36,60,272,41,47,,,,
14/06/2019,37,51,38,35,54,70,48,67,69,49,49,57,66,20,50,44,11,30,33,11,29,8,31,55,161,37,51,,,,
15/06/2019,38,62,63,34,93,111,68,58,63,55,77,65,57,22,88,52,18,48,48,19,40,16,35,65,189,90,37,,,,
16/06/2019,36,64,45,36,62,80,69,85,98,64,85,55,68,32,77,77,30,55,56,35,58,26,30,56,155,75,30,,,,
17/06/2019,30,34,33,38,28,47,45,88,57,25,58,31,55,11,27,43,19,44,23,15,16,15,29,20,224,57,41,,,,
18/06/2019,32,31,32,32,27,152,39,61,46,34,29,43,52,24,38,25,13,24,31,15,25,13,31,28,192,53,37,,,,
19/06/2019,35,44,81,284,37,45,45,98,74,35,29,38,36,12,28,29,16,36,31,,28,14,30,34,167,64,47,,,,
20/06/2019,53,433,44,35,43,175,34,47,72,49,52,52,47,33,72,44,34,44,41,,48,31,28,55,194,39,48,,,,
21/06/2019,37,153,35,36,42,202,37,95,87,50,44,42,52,21,43,49,23,44,42,22,26,19,122,45,156,32,43,,,,
22/06/2019,33,193,35,37,31,53,63,67,71,66,72,49,58,39,71,39,29,42,48,27,43,20,35,26,204,39,34,,,,
23/06/2019,37,38,36,38,29,38,84,68,76,27,37,22,33,15,26,50,26,34,24,18,34,20,33,24,154,36,25,,,,
24/06/2019,38,34,41,38,37,22,65,47,53,34,20,13,17,12,15,26,16,26,12,12,24,12,29,41,145,42,43,,,,
25/06/2019,38,32,36,38,37,102,60,43,23,28,20,14,16,12,16,18,14,18,15,15,21,12,35,36,12,65,39,,,,
26/06/2019,54,33,37,40,40,96,54,38,26,20,25,17,19,12,16,23,21,20,15,21,45,17,38,47,11,46,45,,,,
27/06/2019,113,79,53,36,57,31,47,42,39,31,18,19,23,15,16,22,22,25,15,24,32,17,36,46,65,34,50,,,,
28/06/2019,49,70,56,34,46,134,40,39,56,45,23,19,24,29,27,24,21,27,21,23,18,16,33,67,150,48,57,,,,
29/06/2019,63,41,54,33,34,32,88,42,68,50,21,28,27,37,31,29,16,22,23,24,21,18,27,58,116,50,40,,,,
30/06/2019,38,43,39,40,53,92,38,58,79,42,37,47,64,34,90,49,24,36,40,25,37,26,34,52,174,45,28,,,,
01/07/2019,59,55,64,59,75,111,50,63,55,49,47,52,52,65,93,61,22,57,46,20,40,17,21,79,225,44,39,,,,
02/07/2019,70,67,89,69,74,99,51,96,94,77,55,99,96,42,101,72,32,56,64,34,48,28,34,100,145,77,61,,,,
03/07/2019,51,72,68,59,49,42,60,42,64,59,65,57,52,28,74,51,44,49,38,37,59,36,51,95,121,48,51,,,,
04/07/2019,41,30,35,36,40,17,50,38,28,32,23,23,20,17,24,21,18,19,18,17,26,15,39,67,11,43,39,,,,
05/07/2019,51,40,41,35,41,11,48,39,22,25,18,20,19,15,17,21,21,18,16,23,43,17,37,68,8,37,37,,,,
06/07/2019,69,64,47,44,49,22,55,40,17,39,15,15,12,12,20,17,20,16,12,22,35,16,39,46,19,45,44,,,,
07/07/2019,51,64,66,39,52,60,30,40,55,32,21,24,19,14,26,30,25,21,19,31,25,21,36,81,41,45,43,,,,
08/07/2019,47,57,49,32,36,51,12,27,55,32,28,33,31,15,39,14,17,15,27,15,19,11,25,46,64,50,45,,,,
09/07/2019,33,34,51,35,42,151,28,62,61,36,26,36,40,14,24,14,10,12,31,10,13,8,31,37,143,34,39,,,,
10/07/2019,35,35,33,33,35,186,52,44,33,37,26,41,56,15,37,15,10,13,28,10,18,11,32,56,155,34,44,,,,
11/07/2019,38,40,39,49,39,22,29,64,39,46,34,49,88,25,45,51,24,26,40,27,33,24,37,58,57,41,33,,,,
12/07/2019,39,36,39,41,40,29,27,70,29,59,41,63,104,29,51,29,22,26,51,26,32,21,33,63,133,39,39,,,,
13/07/2019,38,41,41,39,43,19,19,40,45,45,36,41,78,18,37,49,24,27,45,22,31,22,40,28,47,42,34,,,,
14/07/2019,38,39,38,37,39,30,14,45,29,57,42,55,90,27,37,25,17,18,50,17,30,16,37,34,90,40,32,,,,
15/07/2019,36,38,37,37,40,17,21,37,32,33,49,33,86,19,39,26,18,20,35,16,26,14,37,34,64,38,34,,,,
16/07/2019,33,110,36,34,40,14,12,77,39,50,56,58,75,24,33,22,17,20,45,18,27,14,31,46,154,35,31,,,,
17/07/2019,35,39,39,35,39,12,11,76,32,58,54,61,61,25,36,34,13,35,51,17,21,12,32,49,188,37,37,,,,
18/07/2019,38,38,37,38,39,129,27,76,31,64,56,58,73,28,42,19,15,24,52,18,24,14,35,44,144,37,47,,,,
19/07/2019,48,48,37,35,56,110,43,88,53,63,55,49,57,24,42,41,19,49,47,22,35,17,36,90,165,35,47,,,,
20/07/2019,91,63,65,44,75,134,55,105,81,66,71,73,75,47,84,42,20,36,60,24,36,17,34,98,227,58,40,,,,
21/07/2019,65,65,80,40,74,155,60,89,83,70,94,105,98,43,107,50,30,49,57,38,61,26,48,90,217,74,52,,,,
22/07/2019,59,56,71,92,63,130,44,66,52,74,80,76,92,41,77,45,33,34,48,44,44,28,57,79,149,54,59,,,,
23/07/2019,58,61,59,45,50,154,39,86,59,62,60,96,110,34,86,65,22,26,45,32,37,20,37,86,109,55,45,,,,
24/07/2019,40,69,82,37,50,46,30,55,61,66,60,67,77,35,55,52,26,41,51,40,39,28,36,49,140,41,44,,,,
25/07/2019,44,46,57,74,47,142,35,75,62,54,65,67,60,37,65,57,39,46,49,46,43,36,34,74,222,41,52,,,,
26/07/2019,68,88,70,64,70,70,43,81,66,61,70,97,108,36,84,53,36,48,59,36,49,31,49,84,173,62,65,,,,
27/07/2019,60,71,70,41,65,53,53,117,64,68,76,78,76,47,85,56,36,53,69,42,52,32,35,61,156,37,47,,,,9
28/07/2019,58,114,66,37,75,233,64,85,81,61,67,51,47,40,66,57,42,55,40,51,51,34,39,90,133,51,61,,,,575
29/07/2019,43,54,47,51,48,98,48,83,54,62,74,73,70,32,70,53,30,42,54,38,39,28,48,89,162,39,56,,,,1675
30/07/2019,37,38,47,38,39,49,30,39,45,43,29,35,28,17,29,29,41,25,28,28,43,30,32,28,97,50,36,,,,893
31/07/2019,38,41,47,37,39,63,54,44,44,22,42,21,24,18,26,37,37,33,21,32,46,28,28,28,246,51,43,,,,27
01/08/2019,50,42,51,70,37,58,47,54,54,35,45,46,41,32,38,40,32,39,30,40,33,23,37,56,174,41,54,,,,161
02/08/2019,47,70,63,45,46,56,45,51,75,44,38,35,39,28,38,36,42,44,24,36,38,31,30,66,138,54,50,,,,153
03/08/2019,80,80,60,57,76,79,44,64,95,60,71,78,101,36,60,46,31,42,50,25,52,27,42,69,144,59,54,,,,230
04/08/2019,47,99,44,36,57,78,43,76,60,64,92,84,98,58,71,55,38,51,64,39,59,27,37,91,107,72,39,,,,235
05/08/2019,107,75,63,78,64,82,37,85,66,65,71,73,83,47,78,56,39,43,49,44,57,25,40,80,94,55,66,,,,135
06/08/2019,54,63,74,86,63,98,44,91,66,84,77,77,112,38,98,48,32,47,65,37,43,21,49,91,232,53,58,,,,134
07/08/2019,53,67,115,54,75,152,39,78,67,74,88,101,108,46,103,68,32,47,75,45,62,,39,108,195,54,48,,,,117
08/08/2019,62,82,54,110,67,64,34,115,116,94,128,132,193,48,146,129,62,132,83,66,87,,40,74,251,49,43,,,,90
09/08/2019,66,83,73,133,106,54,57,91,96,149,173,150,257,84,132,103,84,102,135,110,111,90,74,147,46,41,39,,,,202
10/08/2019,38,40,39,39,38,19,11,91,46,45,62,43,81,25,47,45,28,43,42,26,28,,38,42,49,37,37,,,,93
11/08/2019,36,39,38,37,35,9,13,48,42,39,63,37,76,22,45,40,17,19,40,17,25,,36,31,37,38,34,,,,40
12/08/2019,60,42,41,39,39,61,34,75,28,45,38,38,54,21,33,17,12,17,38,14,21,,39,58,104,37,41,,,,164
13/08/2019,45,42,45,50,50,152,49,94,44,48,35,43,53,32,61,27,12,18,39,19,36,,39,68,165,147,40,,,,377
14/08/2019,176,496,84,78,57,68,41,81,68,63,62,70,78,23,102,41,15,32,65,17,42,,53,83,191,46,58,,,,485
15/08/2019,89,156,79,43,57,94,50,77,60,67,71,88,92,44,120,44,19,28,65,20,46,14,45,92,137,111,67,,,,374
16/08/2019,47,75,87,46,64,133,45,78,67,76,77,99,134,26,101,69,22,35,70,23,50,19,44,117,114,46,51,,,,260
17/08/2019,38,51,48,47,53,143,48,71,59,64,67,69,112,42,89,48,40,45,65,47,71,37,46,84,135,64,41,,,,218
18/08/2019,54,63,64,46,52,87,43,45,61,59,78,53,58,74,59,41,34,40,42,61,55,27,41,73,102,62,58,,,,229
19/08/2019,43,56,40,46,55,26,16,240,106,82,106,102,121,48,108,109,84,94,85,65,71,,53,65,77,42,37,,,,153
20/08/2019,37,41,39,38,46,20,22,39,48,62,65,67,113,28,59,40,22,31,60,23,38,21,38,47,29,40,39,,,,1966
21/08/2019,35,39,38,37,48,18,12,44,53,75,78,75,119,33,69,63,25,28,65,33,47,24,37,48,34,38,28,,,,1535
22/08/2019,49,53,45,51,64,20,24,50,59,56,57,56,73,34,51,52,37,36,55,38,64,29,47,65,135,40,43,,,,165
23/08/2019,57,80,69,66,67,116,41,69,96,61,67,58,74,58,57,94,61,103,54,62,50,53,54,87,130,49,52,,,,940
24/08/2019,59,60,77,52,78,157,52,67,70,86,123,109,147,54,113,65,51,62,82,49,70,49,60,96,137,58,61,,,,332
25/08/2019,55,58,64,62,70,88,38,70,93,60,72,69,100,62,91,92,55,57,69,55,69,46,51,106,226,47,51,,,,429
26/08/2019,39,41,37,36,39,38,47,66,72,46,67,47,48,36,42,66,80,65,46,61,76,59,34,41,114,95,37,,,,574
27/08/2019,40,39,38,39,42,53,50,72,52,30,60,31,36,34,30,48,55,48,29,54,40,51,39,29,120,69,38,,,,158
28/08/2019,41,48,45,46,44,48,37,56,66,35,68,37,61,26,42,81,27,45,39,39,39,26,43,44,149,50,48,,,,252
29/08/2019,38,75,36,38,32,32,24,55,61,52,76,66,67,30,59,61,29,56,45,37,42,31,29,35,50,50,38,,,,134
30/08/2019,41,38,40,41,43,17,45,43,23,20,21,12,18,8,12,19,11,21,10,9,11,9,40,25,36,42,37,,,,42
31/08/2019,41,41,41,41,48,62,46,44,19,15,21,12,19,11,13,16,11,16,11,11,12,11,35,31,80,61,31,,,,186
01/09/2019,46,48,41,50,48,107,37,48,47,32,27,29,32,34,31,26,13,26,32,19,24,15,44,63,85,42,33,,,,277
02/09/2019,76,43,64,42,40,107,28,47,38,33,36,43,45,26,54,36,25,26,27,32,29,29,42,52,71,41,43,,,,197
03/09/2019,46,47,48,45,47,90,35,66,39,44,53,45,50,37,39,34,31,29,37,47,38,34,49,71,59,42,54,,,,249
04/09/2019,44,46,58,45,49,61,39,73,64,66,61,81,73,36,92,70,35,50,56,38,46,51,42,94,74,42,48,,,,312
05/09/2019,48,52,53,58,48,48,46,65,49,60,75,65,74,51,96,46,48,44,65,64,71,50,44,73,48,41,50,,,,85
06/09/2019,86,80,67,77,117,77,30,396,147,183,230,189,229,148,220,211,178,187,171,198,174,184,92,140,269,59,61,,,,403
07/09/2019,38,41,40,40,46,18,19,170,49,55,49,55,113,29,64,45,40,47,54,45,41,44,39,65,189,42,35,,,,103
08/09/2019,40,41,38,39,38,25,15,38,36,31,42,32,53,15,41,50,19,20,33,16,17,25,40,27,29,41,36,,,,133
09/09/2019,37,38,36,39,39,27,21,97,42,35,28,29,43,20,43,46,19,24,35,23,26,26,39,29,37,39,35,,,,71
10/09/2019,43,40,39,39,39,71,28,40,51,32,40,32,34,26,43,51,31,37,29,48,31,34,36,38,42,81,37,,,,39
11/09/2019,43,54,63,58,45,85,50,48,58,52,56,61,53,53,47,54,37,50,47,74,45,37,42,74,123,54,49,,,,900
12/09/2019,117,48,53,44,49,99,51,66,59,72,90,115,122,38,102,68,33,41,71,50,52,42,43,85,296,47,53,,,,681
13/09/2019,67,91,76,71,82,34,43,72,88,95,90,99,119,69,94,97,63,76,80,129,89,62,51,146,69,54,65,,,,417
14/09/2019,50,57,66,63,63,32,52,60,58,51,56,75,80,51,63,60,43,50,46,69,68,56,39,89,66,48,52,,,,512
15/09/2019,75,51,51,53,279,50,60,54,48,70,88,68,68,52,70,44,39,43,52,41,63,36,45,166,192,52,49,,,,501
16/09/2019,53,94,62,66,81,48,37,68,65,105,149,138,125,57,106,66,63,65,82,84,115,65,42,124,121,60,50,,,,501
17/09/2019,38,35,39,40,42,17,22,84,24,19,22,18,22,13,18,22,24,22,21,21,21,24,39,39,871,43,39,,,,59
18/09/2019,45,35,39,39,83,14,32,45,19,24,17,13,23,12,14,15,13,16,15,13,13,13,51,137,35,43,37,,,,78
19/09/2019,47,45,48,51,48,25,25,55,33,25,26,25,25,27,26,31,34,32,20,33,36,36,39,113,31,45,49,,,,108
20/09/2019,147,42,43,48,54,31,48,60,62,20,20,21,22,27,22,31,35,29,25,31,30,32,36,115,29,52,44,,,,35
21/09/2019,60,49,52,62,58,254,394,103,64,42,52,42,51,47,45,55,42,52,35,53,58,50,43,131,261,59,48,,,,23
22/09/2019,56,57,57,56,55,56,27,68,69,58,68,62,81,54,81,63,49,64,53,61,60,68,45,78,268,46,54,,,,39
23/09/2019,50,39,40,38,41,24,30,49,51,34,36,42,49,22,40,52,22,33,39,17,26,26,39,36,56,40,39,,,,44
24/09/2019,47,47,48,44,43,19,36,43,45,16,50,50,65,40,56,37,19,26,62,29,40,19,40,68,109,42,43,,,,52
25/09/2019,45,46,44,39,47,33,33,55,42,26,47,48,44,56,61,41,33,34,41,58,48,31,48,49,148,54,42,,,,62
26/09/2019,46,56,55,46,43,76,61,80,59,40,,43,57,55,49,61,49,53,32,67,78,44,40,92,711,54,43,,,,40
27/09/2019,54,50,64,48,54,71,62,47,71,75,,72,116,26,109,79,32,41,59,38,51,18,48,90,58,47,54,,,,117
28/09/2019,42,42,42,55,58,49,43,55,61,64,82,79,129,49,89,62,49,49,62,56,66,46,40,79,50,43,37,,,,42
29/09/2019,49,51,49,50,47,49,44,49,60,47,77,54,54,64,61,66,47,55,43,63,80,34,45,70,37,45,39,,,,68
30/09/2019,40,46,43,41,47,43,61,59,53,37,49,42,42,38,39,45,64,48,34,84,56,62,38,55,83,59,41,,,,50
01/10/2019,38,44,47,38,52,30,74,47,46,30,36,32,33,35,36,45,52,45,31,71,58,45,36,84,27,38,52,,,,38
02/10/2019,54,57,59,77,48,46,102,49,55,46,76,51,64,45,72,47,37,40,44,68,61,32,35,80,74,53,51,,,,36
03/10/2019,68,66,70,104,66,55,92,60,67,83,114,97,104,70,91,68,64,53,76,80,71,41,60,109,92,58,64,,,,37
04/10/2019,69,79,83,77,80,64,80,70,92,100,122,134,136,65,123,113,69,76,96,85,91,64,54,130,76,62,41,,,,72
05/10/2019,40,38,39,39,42,40,46,73,42,35,36,35,33,39,35,41,55,39,37,56,47,44,39,48,52,103,27,,,,29
06/10/2019,42,50,42,42,39,71,84,56,44,38,58,38,52,45,43,47,43,43,37,60,58,35,40,110,127,48,31,,,,50
07/10/2019,64,66,71,64,78,93,36,153,139,89,136,113,123,101,134,157,117,130,90,112,107,115,60,112,115,51,54,,,,49
08/10/2019,40,41,39,37,54,24,34,277,97,66,107,69,95,57,89,111,87,97,66,84,68,86,40,54,186,42,37,,,,189
09/10/2019,37,39,37,35,37,20,28,67,42,43,43,42,56,24,41,47,42,31,44,49,40,29,37,34,56,33,31,,,,44
10/10/2019,36,40,42,36,36,29,46,60,47,33,44,37,36,31,41,52,53,45,35,63,40,40,36,55,19,42,44,,,,57
11/10/2019,39,35,36,36,40,21,28,59,35,24,30,23,23,19,20,31,40,32,22,61,40,24,39,45,90,44,39,,,,319
12/10/2019,38,35,36,36,36,11,16,50,16,20,17,16,15,15,15,16,22,15,16,21,38,15,36,45,21,59,27,,,,28
13/10/2019,36,45,41,36,36,49,26,50,29,17,22,18,19,20,19,45,31,28,19,33,30,25,36,50,8,50,21,,,,32
14/10/2019,36,51,56,39,37,32,37,64,47,26,46,30,39,63,40,43,36,39,26,61,46,28,35,69,18,47,36,,,,36
15/10/2019,53,70,72,54,54,42,59,62,74,39,59,43,49,51,54,69,58,72,43,88,70,40,45,90,40,71,45,,,,37
16/10/2019,58,62,53,56,56,42,74,108,74,80,102,102,98,88,97,75,58,63,74,82,95,58,41,71,56,63,50,,,,52
17/10/2019,49,51,45,44,67,41,21,213,115,84,184,92,154,55,119,114,90,121,92,89,80,81,50,81,123,45,47,,,,57
18/10/2019,52,49,52,50,49,30,33,80,64,78,81,98,161,57,91,59,36,42,82,47,52,36,47,73,64,45,30,,,,45
19/10/2019,53,50,54,61,63,51,59,85,91,88,128,119,128,58,140,96,69,75,87,66,73,85,43,103,47,42,36,,,,127
20/10/2019,42,51,47,40,48,22,34,61,64,45,58,39,44,41,49,64,56,66,42,72,60,56,37,73,258,44,24,,,,39
21/10/2019,51,58,58,59,47,36,63,103,57,38,50,39,45,42,43,60,68,55,43,85,74,60,46,104,140,51,41,,,,38
22/10/2019,42,60,68,55,49,41,78,155,36,35,44,36,37,54,48,61,57,52,35,77,83,47,38,101,161,58,37,,,,119
23/10/2019,55,71,82,63,59,63,93,174,67,59,84,66,78,64,63,73,60,60,63,83,70,47,42,69,288,64,41,,,,92
24/10/2019,74,81,83,73,74,78,102,187,79,110,118,126,126,77,126,88,58,69,121,87,95,69,60,114,140,64,76,,,,305
25/10/2019,129,135,175,139,110,270,260,98,69,109,152,147,135,64,162,100,51,64,104,63,96,69,87,132,120,91,99,,,,384
26/10/2019,127,138,115,138,149,139,83,216,205,229,389,248,355,166,275,275,179,216,228,,196,166,112,178,76,97,92,,,,93
27/10/2019,46,52,52,40,85,36,35,151,115,113,124,105,107,115,115,125,91,111,126,,117,88,59,108,86,44,31,,,,84
28/10/2019,50,50,45,36,58,45,65,277,116,90,109,101,106,75,87,117,126,109,88,,115,118,38,70,96,50,39,,,,97
29/10/2019,125,160,130,90,282,95,112,200,116,124,105,92,99,114,93,111,100,114,101,111,129,115,82,193,167,95,80,,,,124
30/10/2019,339,320,325,180,403,102,113,139,137,269,192,218,213,190,205,141,98,115,230,158,190,106,328,396,92,329,306,,,,200
31/10/2019,331,336,323,219,300,216,126,123,117,226,204,205,195,180,216,117,107,111,201,167,203,124,256,285,348,324,235,,,,580
01/11/2019,199,175,160,174,435,168,189,138,195,156,146,123,162,142,127,169,138,156,135,168,161,132,245,189,62,168,201,,,,212
02/11/2019,133,140,112,126,219,105,201,56,92,81,104,84,84,110,91,81,61,77,92,107,110,52,199,217,70,118,130,,,,59
03/11/2019,113,81,82,100,126,131,29,50,56,80,110,84,131,72,88,67,51,58,85,67,87,45,66,150,70,77,102,,,,70
04/11/2019,50,59,56,46,57,26,22,61,23,20,16,19,31,17,20,32,9,10,19,17,23,13,54,52,15,52,33,,,,154
05/11/2019,37,40,39,37,38,14,18,46,25,24,23,21,26,21,23,11,18,12,19,24,28,20,37,39,15,42,31,,,,90
06/11/2019,58,56,58,56,57,35,81,57,38,54,53,67,76,33,59,53,18,21,46,24,27,21,55,66,18,56,51,47,,,48
07/11/2019,74,79,70,80,162,51,61,139,161,190,196,212,254,142,206,170,144,132,187,138,150,160,436,230,100,55,58,41,,,277
08/11/2019,61,67,60,91,97,78,68,311,174,157,210,186,229,123,192,181,160,172,169,154,148,181,122,157,200,47,43,59,,,2263
09/11/2019,37,40,40,36,49,17,22,154,58,43,60,41,60,27,56,60,34,45,58,29,39,41,41,41,121,37,26,38,,,484
10/11/2019,38,37,33,32,60,27,25,51,56,62,69,61,80,51,60,61,48,45,84,49,43,44,36,81,35,32,25,31,,,1166
11/11/2019,336,263,245,149,409,31,34,50,47,66,76,81,73,36,93,48,29,38,77,44,51,23,255,188,2714,278,225,50,,,2014
12/11/2019,286,255,256,232,690,254,83,245,225,265,329,297,292,244,343,231,202,210,290,212,221,217,205,274,230,218,213,95,,,3150
13/11/2019,49,66,48,38,297,39,48,123,73,72,75,69,84,70,71,73,47,63,74,74,65,55,45,115,208,39,15,39,,,538
14/11/2019,48,672,242,47,146,57,50,55,80,78,81,124,125,79,108,68,49,59,84,53,65,49,77,129,36,100,52,41,,,2431
15/11/2019,227,90,86,153,149,80,53,51,93,107,116,146,151,51,129,96,50,59,94,59,65,52,240,149,35,61,209,45,,,3805
16/11/2019,57,77,78,53,57,34,38,103,118,102,113,116,125,118,93,140,101,108,95,134,118,68,50,80,1095,49,55,43,,,1013
17/11/2019,50,135,140,38,151,62,47,493,117,172,155,136,160,159,135,109,105,96,124,153,147,91,48,92,648,224,43,47,,,119
18/11/2019,242,567,374,208,108,310,86,454,141,100,107,99,166,79,77,113,83,106,98,90,95,81,55,111,431,320,52,48,,,406
19/11/2019,1040,2974,336,168,145,99,79,136,109,99,143,127,136,114,117,111,74,104,102,125,104,59,750,187,191,1588,572,63,,,3182
20/11/2019,44,59,59,34,61,1189,78,211,114,76,80,75,80,77,70,108,185,116,77,139,101,173,49,65,2572,64,46,51,,,716
21/11/2019,1157,1699,980,488,299,895,267,387,310,277,249,209,320,229,206,209,190,204,210,241,235,163,240,149,1300,1022,864,649,,,253
22/11/2019,263,416,578,186,316,400,144,243,217,202,237,204,288,194,210,,188,202,205,221,188,236,142,220,218,283,179,305,,,542
23/11/2019,71,83,80,67,73,253,83,165,131,99,94,91,108,115,84,,137,136,88,121,108,133,72,83,1200,258,68,84,,,846
24/11/2019,49,52,49,42,57,127,68,125,51,41,48,42,44,42,42,,59,44,43,48,47,54,49,63,549,206,45,46,,,327
25/11/2019,129,99,100,78,131,107,134,118,84,78,96,91,101,58,66,,62,65,79,68,67,55,102,112,169,104,120,78,40,,348
26/11/2019,431,511,300,566,273,532,266,465,463,412,892,475,589,371,421,489,555,493,425,453,363,604,257,339,79,247,210,195,56,,377
27/11/2019,50,69,76,110,80,31,65,480,129,75,106,74,94,72,71,133,109,136,87,103,87,114,55,121,619,308,48,39,199,,138
28/11/2019,148,222,188,158,185,81,90,215,173,173,184,155,179,287,163,163,177,137,129,222,269,135,179,176,353,204,125,71,136,,108
29/11/2019,166,172,179,176,245,304,115,191,208,270,283,264,301,215,242,202,181,174,267,225,227,179,180,196,348,199,175,200,70,,95
30/11/2019,183,298,642,188,115,138,74,88,135,145,205,197,224,135,187,144,136,126,150,156,156,173,106,154,73,162,114,830,54,,163
01/12/2019,252,126,711,52,92,68,41,123,143,155,202,157,207,163,186,131,142,132,162,156,146,158,50,85,79,129,183,38,51,,86
02/12/2019,469,76,489,40,320,69,24,434,204,234,426,234,416,155,209,197,199,195,225,200,187,234,139,208,234,464,369,40,254,,190
03/12/2019,560,108,911,118,479,36,38,162,100,130,132,129,181,102,167,85,67,71,131,88,96,72,467,169,160,744,283,41,314,,348
04/12/2019,785,522,1040,99,647,43,44,63,141,107,138,121,196,100,174,115,58,63,126,55,82,60,362,212,26,917,232,49,106,,172
05/12/2019,792,290,796,192,542,158,52,62,120,162,201,190,232,131,258,103,70,79,176,98,122,77,1077,413,37,569,343,54,162,,428
06/12/2019,208,495,495,252,439,70,61,109,169,223,251,265,269,335,393,203,111,117,283,146,291,127,175,194,53,266,134,43,120,,744
07/12/2019,203,991,679,285,111,43,57,74,290,269,243,183,264,,,244,310,243,186,435,,375,103,116,1034,285,148,47,164,,591
08/12/2019,63,204,112,67,78,1084,60,657,115,73,78,75,79,,,105,159,107,79,109,,173,58,90,2844,784,45,630,129,,568
09/12/2019,72,770,547,83,262,1294,235,490,226,177,166,144,189,,,183,199,189,141,204,,191,68,127,1056,1261,60,1595,175,,64
10/12/2019,2552,2270,2034,1124,663,155,158,372,219,254,240,217,225,393,245,212,207,202,217,324,311,240,721,270,701,2280,2513,282,84,,275
11/12/2019,58,217,649,51,76,1222,113,100,245,229,270,164,274,300,271,183,299,132,165,359,278,316,66,88,173,609,60,160,114,,173
12/12/2019,51,107,316,35,60,341,87,112,119,82,99,77,89,183,102,119,187,109,83,191,202,170,55,72,240,432,52,122,114,,308
13/12/2019,53,118,134,44,38,300,66,106,56,43,47,40,42,66,39,56,85,52,49,92,100,70,37,61,129,402,43,202,57,,53
14/12/2019,386,467,999,74,85,98,56,71,122,166,153,129,155,210,144,123,109,99,138,168,180,108,64,68,73,554,57,229,58,,52
15/12/2019,178,330,1041,87,70,90,70,105,121,113,124,100,127,141,124,110,94,79,105,117,139,92,151,70,107,1007,64,514,52,,80
16/12/2019,144,132,518,247,220,686,83,171,183,112,181,147,153,182,140,194,195,181,107,192,143,181,367,92,831,753,128,1184,91,,157
17/12/2019,39,57,93,43,40,798,333,566,62,40,51,40,42,63,41,62,82,59,44,111,101,90,36,84,614,257,39,184,54,,41
18/12/2019,68,276,1938,502,107,700,286,276,86,50,83,51,51,94,73,92,100,84,61,149,155,102,73,172,1130,1651,60,641,43,,86
19/12/2019,781,934,2831,1386,248,1837,167,392,243,24,268,232,266,223,217,261,201,204,183,194,279,220,628,207,366,882,500,351,41,,81
20/12/2019,68,71,1071,76,80,1590,959,316,105,4,84,75,78,116,82,107,150,113,76,149,150,154,74,92,1395,2597,60,2266,89,,294
21/12/2019,311,487,2801,482,272,973,240,280,222,192,272,189,230,284,255,238,249,200,182,254,315,202,106,148,390,1198,141,4131,76,,269
22/12/2019,80,88,104,78,89,1771,517,393,111,88,96,82,81,79,81,107,131,101,86,137,114,153,72,92,701,284,65,646,41,,101
23/12/2019,77,79,133,72,67,357,415,140,66,57,80,56,54,75,67,64,89,61,63,102,101,102,68,100,271,1254,65,473,44,,55
24/12/2019,61,60,216,392,60,534,668,140,58,58,50,43,44,55,47,55,84,57,55,89,76,89,49,92,177,1477,49,1392,32,,56
25/12/2019,68,60,79,109,56,219,193,68,46,49,51,45,46,45,47,37,48,40,49,57,53,60,43,78,36,960,43,280,26,,46
26/12/2019,49,71,86,47,49,231,356,91,59,48,63,48,49,66,44,60,78,63,48,84,92,114,40,86,44,2920,34,813,32,,41
27/12/2019,40,94,79,38,39,562,506,89,67,39,47,39,37,86,33,65,134,62,41,137,129,154,38,62,28,3645,27,677,25,,37
28/12/2019,80,158,864,71,67,456,216,98,88,107,113,88,115,166,98,90,111,85,95,129,144,113,57,104,21,1060,38,518,26,,36
29/12/2019,101,501,2366,114,116,321,104,144,122,97,118,103,98,169,91,139,79,104,100,144,131,76,68,138,63,645,59,1498,33,,39
30/12/2019,119,876,1215,110,213,280,135,74,169,162,174,130,143,251,148,222,123,156,166,188,163,133,85,179,26,728,65,1468,36,,41
31/12/2019,238,471,2549,302,165,244,149,81,146,138,244,159,208,137,140,166,119,125,140,224,201,143,231,246,67,1020,140,5004,40,,57
01/01/2020,208,168,751,440,170,1030,381,113,170,131,178,123,128,151,126,173,211,171,124,232,207,234,93,145,77,1026,168,2069,35,,82
02/01/2020,246,185,224,282,558,635,878,81,137,162,104,110,140,85,87,94,130,69,121,102,108,,170,104,226,228,217,810,28,,53
03/01/2020,112,100,142,135,546,111,383,97,101,73,76,60,73,74,56,101,116,105,68,101,114,91,77,81,134,115,70,559,22,,55
04/01/2020,297,306,1569,423,305,174,271,113,102,113,166,114,109,145,114,132,91,93,127,137,134,89,255,203,124,3466,282,3614,25,,56
05/01/2020,316,1153,1795,495,362,829,2238,211,254,165,237,166,175,169,178,262,268,239,165,269,248,308,318,171,248,3944,220,4034,30,,333
06/01/2020,74,79,71,62,100,146,,169,101,79,86,77,76,79,77,103,108,96,80,114,116,100,72,133,121,117,61,233,61,,111
07/01/2020,68,78,297,183,99,62,1101,95,80,81,81,59,94,80,65,81,70,69,59,78,84,56,62,147,75,678,72,261,24,,82
08/01/2020,518,356,473,509,431,247,420,90,136,184,155,135,162,120,125,116,99,98,141,131,169,102,319,294,68,372,504,449,44,,2130
09/01/2020,187,226,249,224,219,191,226,220,117,100,77,73,116,79,70,85,108,80,69,94,107,108,169,83,71,273,147,115,60,,2192
10/01/2020,67,85,88,141,85,438,519,80,81,74,100,76,90,91,85,85,94,82,80,131,90,162,56,115,59,82,65,163,60,22,84
11/01/2020,270,855,864,941,97,369,65,355,362,102,139,106,124,124,133,477,747,535,98,177,183,1241,82,130,91,690,132,999,50,2,67
12/01/2020,320,380,445,396,116,229,235,79,131,98,104,97,122,104,95,150,135,110,99,133,143,160,122,148,158,387,272,611,63,,184
13/01/2020,166,217,305,331,66,119,354,76,70,55,56,54,59,60,54,84,85,62,59,76,99,91,84,90,47,214,94,232,33,108,94
14/01/2020,160,58,68,50,69,148,782,74,71,45,48,43,42,45,41,65,91,66,44,73,79,83,31,98,27,81,24,230,23,22,125
15/01/2020,41,58,69,49,49,134,661,76,63,36,42,34,34,35,32,59,79,69,38,67,78,96,38,83,15,267,35,138,23,59,172
16/01/2020,108,100,101,183,53,71,118,48,66,42,51,35,37,34,40,70,40,52,34,43,61,25,65,87,24,93,102,138,28,224,45
17/01/2020,281,169,165,221,166,73,149,77,77,61,80,56,73,51,58,71,46,67,49,48,63,42,136,89,18,504,245,277,25,262,79
18/01/2020,64,96,66,68,51,89,158,49,58,61,39,38,58,33,36,38,34,35,35,38,52,31,52,52,8,316,68,41,9,69,26
19/01/2020,39,47,37,36,46,36,108,64,47,41,32,30,37,25,27,39,39,38,30,38,48,35,42,44,7,103,38,47,15,66,50
20/01/2020,53,75,69,59,55,81,40,239,166,57,91,64,87,,45,146,149,122,51,104,83,165,57,69,37,55,44,54,32,44,58
21/01/2020,66,77,62,59,86,44,26,155,121,93,109,99,127,,94,126,100,112,89,100,94,126,80,140,90,62,51,64,44,57,112
22/01/2020,71,85,95,68,92,52,59,72,67,70,80,75,73,88,70,71,,64,69,76,76,55,66,137,49,77,66,67,44,88,53
23/01/2020,336,521,537,563,103,641,126,356,111,143,261,150,204,111,147,146,,156,135,,140,141,91,149,25,499,110,547,28,252,48
24/01/2020,211,211,279,393,334,163,41,60,94,123,122,124,,123,119,83,77,71,131,107,119,72,251,196,18,202,195,346,29,215,85
25/01/2020,126,123,125,127,91,105,48,140,86,79,80,81,67,88,75,83,101,82,80,97,99,104,95,121,26,105,94,380,39,145,81
26/01/2020,178,85,166,180,73,44,60,59,39,47,45,47,51,40,,38,29,23,43,37,44,24,84,87,18,110,120,150,23,184,29
27/01/2020,161,151,155,84,126,82,70,69,71,95,76,69,68,77,,68,76,58,61,80,96,65,143,110,21,335,152,184,28,72,29
28/01/2020,73,102,104,67,75,66,67,71,59,49,72,61,62,66,,60,66,57,48,55,63,61,55,107,24,181,41,125,21,64,36
29/01/2020,89,92,93,96,76,78,85,64,80,81,68,,77,61,61,82,102,74,68,82,83,76,70,84,41,190,85,181,28,96,52
30/01/2020,66,87,94,58,58,87,117,77,76,61,60,,60,64,52,73,100,63,56,87,85,87,53,71,39,82,62,87,28,78,36
31/01/2020,75,134,133,71,75,92,121,74,75,53,61,57,45,69,51,77,56,57,53,80,87,48,50,81,41,93,53,114,21,92,43
01/02/2020,123,101,116,110,89,139,411,70,79,78,101,86,105,93,66,83,64,77,87,110,82,57,62,126,30,101,62,106,19,133,41
02/02/2020,143,182,137,115,86,198,72,70,70,98,135,96,111,85,89,73,59,75,104,81,97,70,63,124,42,777,132,126,22,95,46
03/02/2020,119,201,215,206,66,74,68,156,64,57,56,61,69,63,47,66,51,54,52,41,56,73,92,56,84,288,109,78,31,178,61
04/02/2020,75,82,103,86,135,104,126,86,87,90,89,87,89,87,88,84,99,72,91,104,115,96,127,100,32,103,67,100,45,89,49
05/02/2020,35,45,55,41,46,45,207,45,52,34,35,31,31,34,31,50,58,50,31,60,86,50,30,99,19,48,32,90,,55,30
06/02/2020,33,24,29,29,39,46,248,31,25,39,19,17,20,20,17,24,27,27,,23,37,25,26,77,5,58,32,26,,30,33
07/02/2020,47,30,37,34,35,11,197,42,16,14,9,9,10,7,8,11,10,13,,8,18,7,34,70,6,27,38,37,17,41,42
08/02/2020,55,31,33,35,68,10,53,32,14,17,15,,11,18,18,12,13,14,18,16,31,11,40,130,4,23,36,31,26,43,34
09/02/2020,85,32,28,77,64,10,24,46,14,15,10,,10,11,10,12,20,13,11,,22,11,42,170,2,32,48,31,14,63,43
10/02/2020,53,61,64,73,230,19,22,59,27,20,19,,20,27,19,25,16,18,21,22,31,22,42,195,10,75,35,51,32,50,93
11/02/2020,79,83,80,68,116,27,21,62,33,25,29,23,28,39,23,40,29,28,23,30,34,,60,117,12,67,37,59,27,66,45
12/02/2020,41,29,31,26,123,18,47,57,32,27,22,20,23,31,21,32,32,34,24,35,38,25,27,135,11,191,31,44,29,27,34
13/02/2020,52,33,38,38,53,12,31,31,25,28,24,27,28,29,27,25,33,26,28,33,47,29,32,91,6,72,40,25,26,42,31
14/02/2020,48,43,39,46,59,24,43,43,46,34,41,36,38,39,33,45,42,41,34,40,43,38,37,50,8,60,41,29,38,42,35
15/02/2020,50,69,56,52,43,26,22,59,49,52,53,62,56,46,52,47,41,36,51,41,47,39,40,71,20,107,40,61,39,49,35
16/02/2020,39,48,43,27,42,22,31,69,32,29,30,31,29,31,29,33,38,30,31,37,52,,33,53,23,208,29,28,35,25,35
17/02/2020,29,34,43,23,35,25,36,51,22,25,28,24,26,19,24,19,19,18,21,21,29,15,28,51,11,55,31,30,34,19,41
18/02/2020,71,75,76,61,61,69,140,54,38,44,45,44,50,43,36,36,28,30,43,39,46,28,67,70,20,66,47,65,31,50,40
19/02/2020,48,56,63,63,105,79,39,152,104,92,80,93,118,64,84,108,98,98,98,,70,146,73,131,104,57,47,40,29,56,69
20/02/2020,40,53,47,35,45,44,57,52,56,47,56,59,52,57,56,48,44,34,47,44,53,45,37,53,36,48,39,48,77,34,57
21/02/2020,48,53,54,41,42,37,77,60,48,39,39,40,39,42,37,44,55,41,39,56,60,47,40,56,26,72,43,48,28,38,38
22/02/2020,34,33,31,30,34,22,54,39,34,30,32,31,30,33,30,33,42,31,30,40,49,41,35,59,9,92,28,33,27,26,28
23/02/2020,34,38,39,36,81,24,42,36,32,28,26,27,27,32,25,29,35,29,26,34,40,33,32,105,12,109,23,37,25,47,28
24/02/2020,43,48,57,40,30,24,55,31,38,24,26,23,21,22,,38,28,34,20,32,45,23,30,57,4,37,35,50,18,59,24
25/02/2020,47,58,62,41,40,29,74,42,30,27,35,28,31,41,,30,19,23,27,28,35,15,30,71,9,50,37,55,34,78,29
26/02/2020,50,44,55,62,45,58,86,41,22,35,36,41,49,25,38,21,17,20,56,27,38,16,41,75,9,52,48,52,31,55,27
27/02/2020,77,78,77,72,87,57,97,59,70,59,65,62,57,63,62,64,59,60,59,63,64,48,67,127,15,61,61,47,50,82,51
28/02/2020,61,54,53,61,62,62,119,59,56,53,46,65,56,59,59,54,52,49,46,65,61,56,40,77,26,53,50,46,36,46,47
29/02/2020,45,43,54,42,53,38,98,55,51,36,41,40,36,42,37,51,58,48,37,56,60,49,33,91,29,39,33,64,40,53,37
01/03/2020,56,63,67,45,55,45,94,51,49,45,54,49,56,38,56,44,32,39,44,38,49,27,41,93,20,78,34,61,28,79,35
02/03/2020,73,81,82,79,66,95,137,55,59,79,90,105,105,55,84,64,52,50,76,49,75,43,71,108,25,70,59,60,36,64,49
03/03/2020,49,54,52,68,54,43,124,44,52,48,52,48,48,44,51,48,56,47,49,53,55,51,55,60,30,56,47,28,50,51,55
04/03/2020,46,35,54,40,57,15,32,42,33,29,30,29,30,30,28,31,37,30,29,35,38,29,37,106,23,54,37,26,54,63,41
05/03/2020,43,32,31,46,56,16,14,31,25,28,23,24,21,22,21,26,21,25,24,23,27,14,32,126,17,82,40,28,31,57,49
06/03/2020,37,56,38,35,44,28,40,39,23,23,21,23,27,19,23,19,15,18,23,17,19,13,43,46,8,64,42,41,26,38,38
07/03/2020,32,38,32,32,52,21,34,40,35,30,29,31,31,26,29,32,36,30,32,31,37,30,33,56,20,55,30,28,26,31,37
08/03/2020,28,29,31,27,43,13,26,32,29,24,23,26,24,22,22,26,36,24,24,31,43,31,27,58,11,52,21,26,34,25,29
09/03/2020,30,29,40,30,40,16,26,24,27,21,22,23,24,20,20,26,36,24,20,30,45,28,29,84,5,91,36,30,29,27,22
10/03/2020,29,37,40,27,48,6,47,32,30,22,23,21,25,22,19,26,32,25,20,35,47,28,30,81,5,35,35,39,25,25,25
11/03/2020,28,31,36,40,26,6,33,22,30,22,25,19,24,23,19,27,36,25,17,35,57,28,27,44,5,39,29,36,32,26,26
12/03/2020,34,34,40,33,30,17,36,16,26,22,21,19,24,21,20,25,35,23,20,41,63,29,30,63,5,40,33,32,23,27,27
13/03/2020,41,41,45,42,35,22,51,39,33,20,34,25,23,31,24,34,22,29,18,44,38,22,33,66,9,40,29,48,24,46,27
14/03/2020,38,30,32,35,36,26,62,49,33,25,33,35,30,23,34,56,21,30,24,21,34,23,35,39,8,148,30,28,20,34,34
15/03/2020,34,29,28,27,46,19,28,37,36,26,30,26,27,22,24,35,36,30,26,27,54,26,27,47,5,42,23,27,20,27,32
16/03/2020,26,25,26,32,40,15,28,28,22,19,23,16,24,13,15,22,16,22,16,16,20,12,23,70,6,47,29,23,31,31,25
17/03/2020,30,33,30,27,33,21,45,31,28,19,21,21,19,22,19,24,24,27,20,27,30,21,30,69,5,35,26,30,24,24,24
18/03/2020,41,50,56,48,42,24,71,37,45,27,33,31,38,44,39,41,19,35,23,39,33,22,37,77,11,76,28,48,21,69,32
19/03/2020,71,69,68,78,65,49,88,55,50,45,60,62,71,60,55,44,27,32,46,61,46,28,77,123,16,63,51,53,21,108,46
20/03/2020,77,58,71,76,73,55,83,53,44,87,90,106,126,53,97,44,29,33,98,47,49,32,51,127,23,62,58,58,23,61,38
21/03/2020,55,56,53,77,68,44,63,51,70,63,67,74,72,70,70,65,72,69,71,75,76,70,54,87,23,71,49,46,45,41,50
22/03/2020,58,56,50,47,73,43,58,53,64,58,61,59,67,68,56,61,59,51,56,66,58,51,55,126,23,46,44,44,45,46,43
23/03/2020,38,42,41,43,59,35,57,43,42,36,37,36,40,35,34,41,51,39,37,61,57,46,32,79,15,42,37,36,39,33,32
24/03/2020,32,38,38,32,42,31,63,43,41,25,26,27,27,37,24,41,43,38,27,60,66,32,29,96,7,76,27,37,25,36,28
25/03/2020,45,40,47,45,47,28,92,32,52,34,43,46,46,34,44,44,26,34,35,32,37,26,34,71,11,79,41,45,24,52,30
26/03/2020,42,35,35,36,41,14,47,39,22,19,18,20,19,16,17,22,18,21,20,20,23,14,36,46,7,58,37,33,26,34,35
27/03/2020,48,37,39,38,50,18,38,34,33,29,26,30,31,35,27,33,39,30,29,35,44,32,31,69,14,36,43,30,34,39,30
28/03/2020,32,38,38,34,39,20,46,42,34,33,26,28,25,24,27,45,33,27,21,32,48,29,30,78,8,44,29,32,24,35,30
29/03/2020,46,38,33,32,38,17,38,47,31,21,27,22,21,35,18,34,19,24,20,39,30,17,28,95,7,28,20,39,17,59,28
30/03/2020,33,33,33,34,28,16,44,29,23,24,22,28,31,16,25,19,16,22,21,19,20,18,24,47,10,34,33,39,22,33,26
31/03/2020,51,56,45,46,53,23,45,42,28,32,33,35,40,34,34,23,18,20,32,24,30,18,50,46,10,39,39,49,24,44,54
01/04/2020,44,40,41,33,45,29,52,50,35,37,25,22,25,36,27,31,39,31,26,42,39,42,42,62,19,41,39,40,,48,49
02/04/2020,40,72,53,35,41,24,23,34,43,26,25,27,26,30,30,33,27,24,25,34,32,23,33,63,17,41,42,34,,57,35
03/04/2020,39,32,45,33,40,43,22,35,18,31,24,25,27,20,23,16,15,15,25,20,21,14,29,61,15,33,35,31,,41,38
04/04/2020,36,36,34,32,36,10,32,43,30,41,32,38,50,25,40,34,27,32,41,33,32,23,33,41,29,34,28,33,,31,37
05/04/2020,33,32,34,28,47,31,23,44,54,53,48,59,71,40,62,53,43,46,53,37,36,46,40,73,17,28,25,30,,28,39
06/04/2020,33,34,32,26,40,18,25,39,33,42,40,46,45,43,38,34,22,27,40,35,35,22,41,53,25,44,26,27,,27,36
07/04/2020,33,33,35,33,33,17,29,41,30,24,27,24,27,20,23,36,36,28,22,41,39,28,33,36,8,53,29,34,,31,36
08/04/2020,35,32,32,30,36,19,29,40,31,21,27,24,26,16,23,39,34,27,20,34,51,26,21,44,11,58,29,31,,29,33
09/04/2020,47,33,42,31,31,16,23,32,30,31,29,26,28,25,25,29,36,27,26,39,49,24,31,43,5,90,30,33,,30,32
10/04/2020,27,33,32,30,31,38,13,24,22,27,21,15,25,15,18,18,16,17,17,15,21,10,19,53,18,31,21,34,,31,25
11/04/2020,38,38,36,34,38,40,34,39,46,44,47,44,72,20,57,47,41,38,53,39,36,50,35,23,15,35,32,35,,34,29
12/04/2020,40,72,55,53,91,48,32,59,43,49,44,44,45,37,37,35,23,34,41,32,36,21,39,72,76,182,28,31,,30,38
13/04/2020,51,97,52,43,76,110,46,52,53,73,57,59,54,53,62,44,20,36,45,34,45,22,43,141,57,38,48,57,,42,35
14/04/2020,57,66,61,65,66,39,55,50,48,60,50,64,59,38,59,41,28,35,54,34,41,34,53,105,102,76,67,35,,69,33
15/04/2020,68,57,76,75,64,70,65,54,52,76,58,83,81,39,74,53,27,35,70,38,64,36,51,114,36,45,80,37,,105,45
16/04/2020,47,53,61,81,52,40,49,45,38,63,75,69,81,41,69,40,32,36,67,34,61,32,43,77,41,37,44,42,,66,35
17/04/2020,40,42,38,41,67,73,46,47,55,60,58,65,95,36,76,54,30,31,71,35,44,29,44,120,41,35,35,35,,35,45
18/04/2020,43,75,41,49,90,90,50,53,40,57,66,61,61,48,47,30,24,28,58,40,47,22,48,71,51,48,33,36,,35,45
19/04/2020,44,77,48,40,82,82,92,43,40,78,54,63,55,57,69,41,22,33,56,40,51,23,50,100,88,48,50,44,,36,42
20/04/2020,57,56,62,69,50,120,70,40,39,72,62,86,86,47,79,36,23,32,92,37,43,22,32,77,45,34,51,33,,34,38
21/04/2020,59,56,73,63,94,76,65,41,38,72,83,76,88,42,92,35,23,32,80,44,63,22,43,96,59,33,39,37,,54,35
22/04/2020,63,50,52,59,50,60,75,41,44,74,59,78,85,37,65,40,27,31,62,33,49,27,58,88,51,37,39,38,,40,44
23/04/2020,64,66,72,57,63,58,74,44,48,73,79,94,96,45,98,51,34,41,75,50,62,38,45,110,83,37,51,37,,66,48
24/04/2020,72,62,69,59,75,74,54,60,65,99,104,104,97,57,105,65,45,53,108,59,86,51,61,124,48,36,50,42,,45,41
25/04/2020,61,63,76,64,67,93,60,66,63,85,81,89,82,44,105,63,36,49,86,41,59,36,53,109,57,39,54,38,,78,47
26/04/2020,46,74,54,57,63,62,42,47,69,86,134,108,118,46,118,68,40,49,88,50,62,45,39,96,56,38,33,36,,61,41
27/04/2020,46,45,110,44,67,23,49,41,49,42,52,36,40,26,36,45,42,41,30,45,69,29,30,66,64,55,41,35,,40,34
28/04/2020,42,55,54,52,46,25,42,40,38,32,30,33,31,31,25,30,37,31,29,46,61,32,33,90,25,53,32,43,,77,36
29/04/2020,42,441,154,36,37,27,19,40,36,46,58,38,55,38,36,31,22,23,37,41,40,20,34,40,38,34,31,33,,45,31
30/04/2020,37,110,43,31,86,10,37,44,19,20,34,24,33,19,23,20,15,20,17,17,24,19,32,33,14,32,31,34,,28,34
01/05/2020,33,33,34,32,38,10,14,31,17,27,27,36,49,14,39,18,14,12,49,16,21,15,31,30,16,33,29,33,,31,35
02/05/2020,36,37,40,39,33,17,21,31,20,37,31,39,51,16,43,17,14,14,41,16,26,16,34,49,18,30,30,38,,37,31
03/05/2020,51,36,44,34,61,129,31,35,46,35,31,29,39,16,32,19,14,15,29,16,24,13,37,54,116,28,28,79,,33,16
04/05/2020,35,45,34,36,55,80,45,41,33,38,39,48,43,29,82,30,19,27,39,34,40,18,33,58,119,36,30,85,,34,35
05/05/2020,31,64,69,31,34,72,52,38,62,29,35,29,30,30,32,31,28,32,28,35,33,24,26,33,262,31,32,87,,30,32
06/05/2020,49,55,50,37,46,128,51,37,44,44,39,44,35,27,44,28,14,17,31,16,33,13,32,41,148,37,45,59,,35,31
07/05/2020,43,53,48,62,58,97,28,53,45,44,38,56,67,27,40,26,18,24,40,22,40,16,27,56,145,37,41,36,,43,29
08/05/2020,35,46,55,132,54,145,68,64,36,53,54,61,72,30,54,31,22,26,43,23,42,23,34,64,110,35,35,36,,61,33
09/05/2020,33,35,105,38,69,47,42,80,36,48,52,54,58,30,83,30,19,23,48,23,36,23,33,62,121,33,23,33,,40,29
10/05/2020,37,36,36,35,45,30,34,36,38,34,29,40,48,18,45,26,17,17,31,12,21,18,36,32,112,35,30,75,,33,34
11/05/2020,80,37,44,34,41,38,55,35,41,52,45,46,41,17,48,32,23,29,45,24,37,21,33,50,277,32,33,109,,33,34
12/05/2020,39,51,60,35,49,71,66,70,81,61,64,62,61,39,71,44,20,41,54,25,,24,31,72,250,31,39,58,,34,33
13/05/2020,78,71,72,42,62,67,64,74,77,52,48,70,82,33,80,57,22,51,55,27,40,18,35,61,163,61,50,77,,30,27
14/05/2020,35,51,54,34,35,60,68,41,82,46,46,47,45,30,48,33,30,,44,31,65,25,31,47,159,30,41,74,,31,40
15/05/2020,34,32,34,33,29,44,89,37,40,32,30,23,22,18,19,37,37,,23,34,62,26,26,22,109,76,31,65,,30,35
16/05/2020,95,108,71,50,138,87,79,39,52,47,26,29,32,18,34,22,27,21,23,34,39,22,38,73,74,35,40,57,,33,23
17/05/2020,93,139,55,35,67,88,75,37,56,49,55,33,43,23,43,28,29,22,34,51,62,28,40,57,108,31,59,84,,31,12
18/05/2020,50,55,44,31,30,46,46,36,43,43,36,25,30,19,27,33,29,28,22,48,51,25,24,31,59,43,46,72,,29,25
19/05/2020,44,52,51,33,34,129,44,38,77,30,20,17,22,19,22,29,31,37,17,35,29,21,36,59,66,28,46,62,,38,31
20/05/2020,43,36,43,29,38,29,39,36,39,41,52,55,,34,67,35,26,30,45,38,49,19,33,41,130,28,33,74,,27,28
21/05/2020,30,27,31,33,32,36,46,34,24,34,32,41,,25,41,17,13,16,30,18,40,13,17,45,152,28,35,32,,31,20
22/05/2020,31,31,34,33,30,16,44,32,31,23,23,24,34,12,49,29,12,12,20,11,18,13,32,17,30,28,26,33,,31,31
23/05/2020,30,31,31,32,25,31,61,32,35,24,27,25,39,33,34,16,15,13,23,18,28,14,28,39,32,29,24,61,,31,29
24/05/2020,50,35,36,38,35,58,54,30,47,23,27,21,34,19,28,16,14,18,21,14,15,14,36,32,53,34,25,35,,37,31
25/05/2020,34,33,35,36,35,60,42,47,39,21,21,21,24,11,21,23,12,19,20,13,20,11,34,26,43,34,30,35,,35,33
26/05/2020,43,34,35,36,56,49,52,33,43,28,34,22,26,19,22,25,11,26,20,18,28,16,36,60,31,34,72,34,,35,36
27/05/2020,40,38,36,34,38,71,36,39,67,37,35,42,40,21,37,30,21,30,29,22,,27,31,43,96,31,35,102,,32,36
28/05/2020,47,49,46,34,46,60,43,50,74,52,37,56,40,25,49,27,19,23,34,26,,21,34,67,153,45,51,138,,31,34
29/05/2020,55,60,73,36,48,82,61,41,73,40,36,42,42,20,40,35,27,26,24,30,49,23,27,36,115,30,49,99,,30,35
30/05/2020,49,60,79,50,59,105,60,70,75,66,25,31,38,26,24,25,26,25,22,29,29,25,35,55,198,43,53,62,,36,33
31/05/2020,85,60,115,36,57,103,58,74,63,67,36,33,74,38,35,29,21,23,27,19,32,22,29,47,336,34,33,42,,28,31
01/06/2020,86,45,64,34,40,32,24,38,35,49,60,66,99,33,79,34,24,25,45,23,56,28,35,56,206,37,35,35,,33,33
02/06/2020,29,38,36,34,30,9,14,36,6,43,37,40,53,29,38,26,13,14,40,18,28,15,31,31,17,35,28,35,,33,33
03/06/2020,33,45,35,36,43,38,28,37,21,29,30,29,35,17,29,25,15,14,,27,25,12,33,37,224,32,30,43,,74,32
04/06/2020,41,47,71,37,34,81,63,40,48,31,34,33,28,18,34,27,27,30,,36,43,26,31,42,230,31,36,96,,39,36
05/06/2020,85,90,87,54,74,128,87,91,52,58,35,67,50,28,76,27,15,18,42,21,37,15,34,58,318,47,63,87,,58,50
06/06/2020,102,119,150,55,159,114,86,139,74,90,45,49,116,46,74,28,18,31,42,22,46,18,41,90,235,74,61,128,,35,81
07/06/2020,95,470,86,48,100,96,88,58,114,106,49,61,53,39,57,44,40,37,51,41,63,30,48,86,199,77,98,111,,34,44
08/06/2020,34,35,34,35,38,70,65,41,112,52,43,29,33,20,29,52,30,47,29,26,34,24,34,27,165,83,24,70,,33,38
09/06/2020,52,38,36,35,37,26,67,37,40,38,22,17,18,13,17,24,20,22,14,20,35,15,32,62,151,33,33,65,,33,37
10/06/2020,28,97,75,46,35,41,51,31,26,23,15,10,18,12,9,15,16,19,10,13,31,13,32,45,35,39,35,94,,26,36
11/06/2020,76,83,97,32,31,41,85,35,34,24,20,20,25,14,24,,18,21,18,24,36,20,28,30,110,50,60,84,,31,29
12/06/2020,55,71,55,34,34,57,64,35,42,26,42,27,28,20,24,,33,32,21,31,60,26,26,33,110,70,43,74,,29,33
13/06/2020,51,59,99,50,84,41,50,41,99,55,24,27,28,40,26,29,19,32,21,46,43,22,43,57,155,71,54,90,,37,35
14/06/2020,107,88,98,60,64,27,39,32,28,29,22,20,31,20,34,20,14,19,22,13,21,17,32,36,122,32,34,48,,34,34
15/06/2020,35,38,37,35,40,94,46,82,36,35,33,37,57,21,35,19,15,15,36,19,23,16,32,50,97,33,32,43,,34,39
16/06/2020,35,37,48,36,38,109,40,88,40,40,31,40,41,20,33,17,13,15,35,16,26,13,32,79,187,36,38,58,,35,34
17/06/2020,42,37,59,36,48,32,64,36,28,35,27,35,35,22,51,21,22,20,27,,41,19,39,65,251,35,35,49,,32,36
18/06/2020,114,39,68,37,42,55,51,34,49,25,26,25,27,31,25,27,27,25,21,,36,22,39,62,19,48,36,82,,36,39
19/06/2020,59,91,64,33,48,108,40,70,57,50,21,36,32,22,21,20,10,20,18,15,24,11,23,75,143,33,48,79,,31,37
20/06/2020,71,44,71,41,65,112,18,74,93,76,23,39,35,55,32,28,13,28,23,12,21,12,25,58,140,33,46,47,,27,39
21/06/2020,36,33,54,32,92,18,30,66,41,54,26,29,30,24,39,20,11,16,24,16,24,12,28,42,204,32,28,37,,31,35
22/06/2020,31,29,35,33,26,7,18,35,17,18,14,22,26,14,32,18,10,11,18,11,12,10,27,31,41,33,32,35,,30,31
23/06/2020,34,39,39,33,29,11,10,28,18,22,19,20,26,18,19,21,8,8,21,9,12,8,31,19,41,33,34,32,,,33
24/06/2020,33,51,46,37,28,12,19,28,22,25,25,24,38,19,22,16,9,9,27,10,15,9,30,28,19,27,31,30,,,28
25/06/2020,31,49,35,35,29,19,34,36,21,29,23,30,37,21,36,18,11,11,33,21,20,9,24,27,17,29,32,46,,,34
26/06/2020,49,49,52,35,44,37,57,77,68,58,32,32,30,19,67,25,15,22,35,22,29,14,29,47,197,30,37,71,,,51
27/06/2020,53,59,41,44,46,77,71,43,38,50,45,45,49,19,32,30,32,26,36,34,51,27,25,60,306,32,36,58,,,33
28/06/2020,38,53,52,35,57,90,83,40,94,64,24,25,22,24,25,25,31,24,25,48,41,26,34,26,160,31,31,79,,,38
29/06/2020,39,41,50,35,90,113,57,39,75,64,24,40,35,19,29,27,19,22,27,33,41,22,36,57,294,32,36,52,,,37
30/06/2020,58,63,68,35,56,86,58,54,73,58,32,34,36,21,34,31,14,25,30,21,26,13,31,65,151,,50,111,,,37
01/07/2020,52,56,71,35,55,63,30,81,59,60,41,72,75,30,56,29,13,20,43,34,38,16,37,61,222,,45,94,,,38
02/07/2020,50,38,56,43,56,70,31,90,58,46,54,66,71,34,56,37,19,24,45,41,44,24,37,67,239,,33,35,,,35
03/07/2020,36,46,38,37,50,61,47,54,49,38,35,43,73,21,67,41,19,20,34,21,32,18,36,54,211,,33,47,,,83
04/07/2020,,,,,,,,,,,,,,,,,,,,,,,,,,,,,,,